ID,Candidate (Candidate Tiers),Rank (Candidate Tiers)
cu59ogo1om,j1on6ii4sf,1
,ektnjkve9a,2
,iorvjnj816,3
,9idpm7tvaq,4
,m3oicha16v,5
64aj2m6fgk,iorvjnj816,1
,03jvle8gs1,2
,2qla7p0srb,3
,f3m1k5kdvq,4
,40ulihclif,5
0k8pibj7db,ektnjkve9a,1
,iorvjnj816,2
,jam4hd18v7,3
,03jvle8gs1,4
,38sjg08ntp,5
754f8dqhrb,u17od770nd,1
,j1on6ii4sf,2
,03jvle8gs1,3
,38sjg08ntp,4
,iorvjnj816,5
a2ckhh1bep,iorvjnj816,1
,ektnjkve9a,2
,03jvle8gs1,3
,40ulihclif,4
,jam4hd18v7,5
2a7mmb9s0n,u17od770nd,1
,m3oicha16v,2
,ektnjkve9a,3
,9idpm7tvaq,4
,2qla7p0srb,5
f0m1mmemq1,u17od770nd,1
,j1on6ii4sf,2
,03jvle8gs1,3
,iorvjnj816,4
,38sjg08ntp,5
dubqlv8vdk,iorvjnj816,1
,ektnjkve9a,2
,92vlf9qc8c,3
,9idpm7tvaq,4
,jam4hd18v7,5
2r88iur9qh,iorvjnj816,1
,9idpm7tvaq,2
,jam4hd18v7,3
,40ulihclif,4
,38sjg08ntp,5
8l2m1lb03t,03jvle8gs1,1
,u17od770nd,2
,j1on6ii4sf,3
,m3oicha16v,4
,ektnjkve9a,5
40oviqa9v2,9idpm7tvaq,1
,ektnjkve9a,2
,iorvjnj816,3
,aed6qu7jhp,4
,jam4hd18v7,5
fmpmjbc4ar,9idpm7tvaq,1
,j1on6ii4sf,2
,iorvjnj816,3
,38sjg08ntp,4
,m3oicha16v,5
6hj9sfuqhl,03jvle8gs1,1
,jam4hd18v7,2
,9idpm7tvaq,3
,38sjg08ntp,4
,iorvjnj816,5
5gguekhuvm,9idpm7tvaq,1
,m3oicha16v,2
,f3m1k5kdvq,3
,ektnjkve9a,4
,38sjg08ntp,5
9dqu3i97sc,jam4hd18v7,1
,40ulihclif,2
,38sjg08ntp,3
,ektnjkve9a,4
,9idpm7tvaq,5
68uiha1vvr,9idpm7tvaq,1
,j1on6ii4sf,2
,ektnjkve9a,3
,2qla7p0srb,4
,u17od770nd,5
04lsp0jdqf,u17od770nd,1
,9idpm7tvaq,2
,j1on6ii4sf,3
,ektnjkve9a,4
,iorvjnj816,5
c18tfi3cqb,9idpm7tvaq,1
,u17od770nd,2
,aed6qu7jhp,3
,iorvjnj816,4
,m3oicha16v,5
5ri15tbui3,9idpm7tvaq,1
,2qla7p0srb,2
,38sjg08ntp,3
,f3m1k5kdvq,4
,40ulihclif,5
0469ll1bko,9idpm7tvaq,1
,j1on6ii4sf,2
,03jvle8gs1,3
,bsu9c3jj9q,4
,m3oicha16v,5
0rv67kc637,03jvle8gs1,1
,ektnjkve9a,2
,iorvjnj816,3
,9idpm7tvaq,4
,bsu9c3jj9q,5
brkjgpvvs2,iorvjnj816,1
,ektnjkve9a,2
,u17od770nd,3
,2qla7p0srb,4
,aed6qu7jhp,5
4ol8hc6q5j,j1on6ii4sf,1
,9idpm7tvaq,2
,u17od770nd,3
,ektnjkve9a,4
,iorvjnj816,5
ejhv6mtui5,j1on6ii4sf,1
,m3oicha16v,2
,iorvjnj816,3
,ektnjkve9a,4
,u17od770nd,5
1hqp3d7qe5,03jvle8gs1,1
,u17od770nd,2
,iorvjnj816,3
,ektnjkve9a,4
,92vlf9qc8c,5
3f01rq08c7,ektnjkve9a,1
,iorvjnj816,2
,aed6qu7jhp,3
,u17od770nd,4
,9idpm7tvaq,5
77p1oncdqe,m3oicha16v,1
,2qla7p0srb,2
,f3m1k5kdvq,3
,iorvjnj816,4
,ektnjkve9a,5
a77q37122l,03jvle8gs1,1
,iorvjnj816,2
,2qla7p0srb,3
,9idpm7tvaq,4
,u17od770nd,5
72d6jl4ug6,9idpm7tvaq,1
,u17od770nd,2
,92vlf9qc8c,3
,03jvle8gs1,4
,f3m1k5kdvq,5
frbknrjgm9,u17od770nd,1
,iorvjnj816,2
,9idpm7tvaq,3
,ektnjkve9a,4
,m3oicha16v,5
5euud24n7f,iorvjnj816,1
,9idpm7tvaq,2
,ektnjkve9a,3
,m3oicha16v,4
,03jvle8gs1,5
9jolbqh4uk,ektnjkve9a,1
,iorvjnj816,2
,2qla7p0srb,3
,9idpm7tvaq,4
,u17od770nd,5
5hi3k6oka6,aed6qu7jhp,1
,j1on6ii4sf,2
,iorvjnj816,3
,38sjg08ntp,4
,2qla7p0srb,5
9157kmsse6,iorvjnj816,1
,aed6qu7jhp,2
,j1on6ii4sf,3
,38sjg08ntp,4
,ektnjkve9a,5
7qlo4a17bs,03jvle8gs1,1
,u17od770nd,2
,ektnjkve9a,3
,9idpm7tvaq,4
,iorvjnj816,5
6j9nfe48ot,u17od770nd,1
,iorvjnj816,2
,j1on6ii4sf,3
,m3oicha16v,4
,bsu9c3jj9q,5
09tr796jqs,ektnjkve9a,1
,iorvjnj816,2
,j1on6ii4sf,3
,9idpm7tvaq,4
,bsu9c3jj9q,5
22j2lpagck,iorvjnj816,1
,aed6qu7jhp,2
,40ulihclif,3
,jam4hd18v7,4
,9idpm7tvaq,5
50s98m2gui,03jvle8gs1,1
,u17od770nd,2
,j1on6ii4sf,3
,m3oicha16v,4
,ektnjkve9a,5
brd3lrm5nf,03jvle8gs1,1
,u17od770nd,2
,j1on6ii4sf,3
,m3oicha16v,4
,ektnjkve9a,5
br36kjith9,03jvle8gs1,1
,u17od770nd,2
,j1on6ii4sf,3
,m3oicha16v,4
,ektnjkve9a,5
3q3c9tdtbu,03jvle8gs1,1
,u17od770nd,2
,j1on6ii4sf,3
,ektnjkve9a,4
,bsu9c3jj9q,5
cpe6f0tr0t,03jvle8gs1,1
,u17od770nd,2
,j1on6ii4sf,3
,m3oicha16v,4
,ektnjkve9a,5
fp8ou5bdl6,ektnjkve9a,1
,u17od770nd,2
,j1on6ii4sf,3
,bsu9c3jj9q,4
,03jvle8gs1,5
0o6h16n9r3,03jvle8gs1,1
,u17od770nd,2
,j1on6ii4sf,3
,m3oicha16v,4
,ektnjkve9a,5
cngesi8276,03jvle8gs1,1
,u17od770nd,2
,ektnjkve9a,3
,92vlf9qc8c,4
,2qla7p0srb,5
4k0aenhpga,03jvle8gs1,1
,u17od770nd,2
,j1on6ii4sf,3
,ektnjkve9a,4
,iorvjnj816,5
5jlga5so90,03jvle8gs1,1
,u17od770nd,2
,j1on6ii4sf,3
,m3oicha16v,4
,ektnjkve9a,5
1jh8f8vm0s,03jvle8gs1,1
,u17od770nd,2
,j1on6ii4sf,3
,bsu9c3jj9q,4
,m3oicha16v,5
aj2ml75tbn,03jvle8gs1,1
,u17od770nd,2
,j1on6ii4sf,3
,ektnjkve9a,4
,2qla7p0srb,5
6h17bgmjqq,03jvle8gs1,1
,u17od770nd,2
,j1on6ii4sf,3
,m3oicha16v,4
,ektnjkve9a,5
1cnatot1qn,m3oicha16v,1
,iorvjnj816,2
,j1on6ii4sf,3
,ektnjkve9a,4
,9idpm7tvaq,5
90preje6m5,03jvle8gs1,1
,92vlf9qc8c,2
,iorvjnj816,3
,m3oicha16v,4
,9idpm7tvaq,5
cegq7e99lu,m3oicha16v,1
,iorvjnj816,2
,u17od770nd,3
,bsu9c3jj9q,4
,03jvle8gs1,5
675n99eojc,bsu9c3jj9q,1
,03jvle8gs1,2
,iorvjnj816,3
,9idpm7tvaq,4
,m3oicha16v,5
eq7r61oo2v,ektnjkve9a,1
,jam4hd18v7,2
,iorvjnj816,3
,m3oicha16v,4
,38sjg08ntp,5
9dkb66mm4s,bsu9c3jj9q,1
,ektnjkve9a,2
,m3oicha16v,3
,03jvle8gs1,4
,aed6qu7jhp,5
d7e366ppsl,u17od770nd,1
,03jvle8gs1,2
,2qla7p0srb,3
,92vlf9qc8c,4
,ektnjkve9a,5
34i7evjuu8,iorvjnj816,1
,aed6qu7jhp,2
,40ulihclif,3
,jam4hd18v7,4
,92vlf9qc8c,5
44rl856c08,j1on6ii4sf,1
,9idpm7tvaq,2
,u17od770nd,3
,ektnjkve9a,4
,2qla7p0srb,5
53nci90vob,03jvle8gs1,1
,40ulihclif,2
,jam4hd18v7,3
,9idpm7tvaq,4
,38sjg08ntp,5
4j8ko9d41k,ektnjkve9a,1
,u17od770nd,2
,jam4hd18v7,3
,38sjg08ntp,4
,9idpm7tvaq,5
bspaufopnf,ektnjkve9a,1
,2qla7p0srb,2
,aed6qu7jhp,3
,9idpm7tvaq,4
,iorvjnj816,5
csn19cqf19,iorvjnj816,1
,ektnjkve9a,2
,03jvle8gs1,3
,f3m1k5kdvq,4
,aed6qu7jhp,5
crp1g1j15m,iorvjnj816,1
,ektnjkve9a,2
,bsu9c3jj9q,3
,40ulihclif,4
,jam4hd18v7,5
2kmntuc6ts,m3oicha16v,1
,ektnjkve9a,2
,9idpm7tvaq,3
,38sjg08ntp,4
,2qla7p0srb,5
fgl6ue3u71,u17od770nd,1
,iorvjnj816,2
,9idpm7tvaq,3
,ektnjkve9a,4
,bsu9c3jj9q,5
47opccl636,iorvjnj816,1
,ektnjkve9a,2
,38sjg08ntp,3
,aed6qu7jhp,4
,2qla7p0srb,5
03cj4ajeep,iorvjnj816,1
,ektnjkve9a,2
,aed6qu7jhp,3
,40ulihclif,4
,9idpm7tvaq,5
doup94fm80,03jvle8gs1,1
,u17od770nd,2
,9idpm7tvaq,3
,ektnjkve9a,4
,m3oicha16v,5
1c46ikessi,j1on6ii4sf,1
,ektnjkve9a,2
,iorvjnj816,3
,m3oicha16v,4
,bsu9c3jj9q,5
e0dqrmfsvq,iorvjnj816,1
,f3m1k5kdvq,2
,38sjg08ntp,3
,u17od770nd,4
,40ulihclif,5
6lfogertl6,u17od770nd,1
,ektnjkve9a,2
,j1on6ii4sf,3
,38sjg08ntp,4
,m3oicha16v,5
2jfu7p77kg,ektnjkve9a,1
,9idpm7tvaq,2
,iorvjnj816,3
,bsu9c3jj9q,4
,aed6qu7jhp,5
7i6gmfamvv,38sjg08ntp,1
,2qla7p0srb,2
,bsu9c3jj9q,3
,iorvjnj816,4
,40ulihclif,5
2hu9kb6078,38sjg08ntp,1
,jam4hd18v7,2
,ektnjkve9a,3
,m3oicha16v,4
,03jvle8gs1,5
4f61dp0ac4,iorvjnj816,1
,j1on6ii4sf,2
,38sjg08ntp,3
,jam4hd18v7,4
,ektnjkve9a,5
3e68vbmqiu,iorvjnj816,1
,ektnjkve9a,2
,jam4hd18v7,3
,m3oicha16v,4
,92vlf9qc8c,5
7dcu3167ms,iorvjnj816,1
,ektnjkve9a,2
,j1on6ii4sf,3
,38sjg08ntp,4
,40ulihclif,5
bcp4pjgljo,jam4hd18v7,1
,bsu9c3jj9q,2
,ektnjkve9a,3
,40ulihclif,4
,iorvjnj816,5
fci0esp7il,iorvjnj816,1
,aed6qu7jhp,2
,ektnjkve9a,3
,bsu9c3jj9q,4
,jam4hd18v7,5
db7vtjldus,jam4hd18v7,1
,ektnjkve9a,2
,2qla7p0srb,3
,bsu9c3jj9q,4
,iorvjnj816,5
9a9vgn1pdo,iorvjnj816,1
,38sjg08ntp,2
,jam4hd18v7,3
,ektnjkve9a,4
,u17od770nd,5
eskk843dc4,9idpm7tvaq,1
,03jvle8gs1,2
,aed6qu7jhp,3
,92vlf9qc8c,4
,bsu9c3jj9q,5
almi957m83,j1on6ii4sf,1
,92vlf9qc8c,2
,u17od770nd,3
,m3oicha16v,4
,aed6qu7jhp,5
1tn47oi8nd,j1on6ii4sf,1
,u17od770nd,2
,03jvle8gs1,3
,iorvjnj816,4
,m3oicha16v,5
3s1451la7n,u17od770nd,1
,03jvle8gs1,2
,j1on6ii4sf,3
,9idpm7tvaq,4
,m3oicha16v,5
emq3rpmtav,92vlf9qc8c,1
,03jvle8gs1,2
,u17od770nd,3
,38sjg08ntp,4
,m3oicha16v,5
ff3q72sdbs,u17od770nd,1
,f3m1k5kdvq,2
,j1on6ii4sf,3
,38sjg08ntp,4
,03jvle8gs1,5
f20hic4h0n,ektnjkve9a,1
,u17od770nd,2
,2qla7p0srb,3
,38sjg08ntp,4
,40ulihclif,5
9ua01d3uep,iorvjnj816,1
,38sjg08ntp,2
,2qla7p0srb,3
,40ulihclif,4
,9idpm7tvaq,5
bnfh2nvei6,u17od770nd,1
,38sjg08ntp,2
,ektnjkve9a,3
,j1on6ii4sf,4
,03jvle8gs1,5
6m7690aggs,j1on6ii4sf,1
,03jvle8gs1,2
,m3oicha16v,3
,ektnjkve9a,4
,u17od770nd,5
1ji8eq9g3u,92vlf9qc8c,1
,f3m1k5kdvq,2
,aed6qu7jhp,3
,03jvle8gs1,4
,bsu9c3jj9q,5
dh1vlq4ncs,38sjg08ntp,1
,aed6qu7jhp,2
,40ulihclif,3
,iorvjnj816,4
,ektnjkve9a,5
e7ngj0e4l3,j1on6ii4sf,1
,u17od770nd,2
,m3oicha16v,3
,03jvle8gs1,4
,38sjg08ntp,5
3u5d8db6qb,iorvjnj816,1
,j1on6ii4sf,2
,03jvle8gs1,3
,bsu9c3jj9q,4
,40ulihclif,5
dmm34at5as,u17od770nd,1
,03jvle8gs1,2
,j1on6ii4sf,3
,9idpm7tvaq,4
,m3oicha16v,5
94licitv6a,ektnjkve9a,1
,9idpm7tvaq,2
,m3oicha16v,3
,iorvjnj816,4
,aed6qu7jhp,5
0qvspg7u0d,iorvjnj816,1
,u17od770nd,2
,ektnjkve9a,3
,03jvle8gs1,4
,40ulihclif,5
4a2dfa5i8q,iorvjnj816,1
,ektnjkve9a,2
,40ulihclif,3
,u17od770nd,4
,j1on6ii4sf,5
1u86nkitjn,2qla7p0srb,1
,03jvle8gs1,2
,ektnjkve9a,3
,38sjg08ntp,4
,aed6qu7jhp,5
67rjml7idt,03jvle8gs1,1
,f3m1k5kdvq,2
,j1on6ii4sf,3
,9idpm7tvaq,4
,u17od770nd,5
epmevbid6d,j1on6ii4sf,1
,u17od770nd,2
,03jvle8gs1,3
,40ulihclif,4
,bsu9c3jj9q,5
0moacmpcqd,j1on6ii4sf,1
,iorvjnj816,2
,m3oicha16v,3
,ektnjkve9a,4
,9idpm7tvaq,5
2ikj9434u4,j1on6ii4sf,1
,03jvle8gs1,2
,2qla7p0srb,3
,bsu9c3jj9q,4
,u17od770nd,5
emq7mu9f1q,u17od770nd,1
,ektnjkve9a,2
,03jvle8gs1,3
,j1on6ii4sf,4
,m3oicha16v,5
adu5u1o8ps,j1on6ii4sf,1
,03jvle8gs1,2
,f3m1k5kdvq,3
,m3oicha16v,4
,ektnjkve9a,5
d3qoqtnk74,03jvle8gs1,1
,m3oicha16v,2
,jam4hd18v7,3
,38sjg08ntp,4
,ektnjkve9a,5
7vsqparb1f,j1on6ii4sf,1
,iorvjnj816,2
,03jvle8gs1,3
,m3oicha16v,4
,bsu9c3jj9q,5
5b1tlqprsl,j1on6ii4sf,1
,iorvjnj816,2
,ektnjkve9a,3
,m3oicha16v,4
,2qla7p0srb,5
81rrkrbu76,u17od770nd,1
,iorvjnj816,2
,aed6qu7jhp,3
,j1on6ii4sf,4
,bsu9c3jj9q,5
9p94ikrd46,j1on6ii4sf,1
,m3oicha16v,2
,aed6qu7jhp,3
,bsu9c3jj9q,4
,u17od770nd,5
48pcms2cq3,aed6qu7jhp,1
,ektnjkve9a,2
,u17od770nd,3
,jam4hd18v7,4
,iorvjnj816,5
38ue2qhena,40ulihclif,1
,jam4hd18v7,2
,03jvle8gs1,3
,ektnjkve9a,4
,aed6qu7jhp,5
em80ualtfc,ektnjkve9a,1
,aed6qu7jhp,2
,40ulihclif,3
,38sjg08ntp,4
,f3m1k5kdvq,5
66tms1sotp,9idpm7tvaq,1
,ektnjkve9a,2
,jam4hd18v7,3
,38sjg08ntp,4
,bsu9c3jj9q,5
a5odq5fe1b,j1on6ii4sf,1
,u17od770nd,2
,m3oicha16v,3
,03jvle8gs1,4
,ektnjkve9a,5
dve6qsd6m0,aed6qu7jhp,1
,38sjg08ntp,2
,iorvjnj816,3
,jam4hd18v7,4
,ektnjkve9a,5
em90shkopa,bsu9c3jj9q,1
,03jvle8gs1,2
,iorvjnj816,3
,92vlf9qc8c,4
,u17od770nd,5
7e76q3rp0l,9idpm7tvaq,1
,f3m1k5kdvq,2
,ektnjkve9a,3
,2qla7p0srb,4
,03jvle8gs1,5
3cn1gqighu,aed6qu7jhp,1
,jam4hd18v7,2
,9idpm7tvaq,3
,iorvjnj816,4
,40ulihclif,5
2j9cljum07,j1on6ii4sf,1
,ektnjkve9a,2
,03jvle8gs1,3
,u17od770nd,4
,2qla7p0srb,5
bec6idkgat,ektnjkve9a,1
,9idpm7tvaq,2
,03jvle8gs1,3
,m3oicha16v,4
,38sjg08ntp,5
ashvi6r3lf,iorvjnj816,1
,2qla7p0srb,2
,m3oicha16v,3
,bsu9c3jj9q,4
,ektnjkve9a,5
1empm5ipb7,bsu9c3jj9q,1
,92vlf9qc8c,2
,j1on6ii4sf,3
,03jvle8gs1,4
,u17od770nd,5
a7c35tov8i,ektnjkve9a,1
,2qla7p0srb,2
,aed6qu7jhp,3
,iorvjnj816,4
,jam4hd18v7,5
44fu7un4es,ektnjkve9a,1
,2qla7p0srb,2
,40ulihclif,3
,u17od770nd,4
,9idpm7tvaq,5
eigb82bgov,9idpm7tvaq,1
,j1on6ii4sf,2
,03jvle8gs1,3
,u17od770nd,4
,38sjg08ntp,5
6ibfrritb7,bsu9c3jj9q,1
,f3m1k5kdvq,2
,m3oicha16v,3
,jam4hd18v7,4
,ektnjkve9a,5
dvmge4sg2c,03jvle8gs1,1
,u17od770nd,2
,m3oicha16v,3
,bsu9c3jj9q,4
,9idpm7tvaq,5
cip05t04m7,jam4hd18v7,1
,iorvjnj816,2
,38sjg08ntp,3
,m3oicha16v,4
,03jvle8gs1,5
09c8i8ei81,ektnjkve9a,1
,iorvjnj816,2
,aed6qu7jhp,3
,2qla7p0srb,4
,jam4hd18v7,5
7tohl8r515,2qla7p0srb,1
,aed6qu7jhp,2
,iorvjnj816,3
,ektnjkve9a,4
,9idpm7tvaq,5
8s1lmlcvf5,9idpm7tvaq,1
,j1on6ii4sf,2
,m3oicha16v,3
,ektnjkve9a,4
,u17od770nd,5
2ls2nf68kg,ektnjkve9a,1
,40ulihclif,2
,jam4hd18v7,3
,92vlf9qc8c,4
,aed6qu7jhp,5
64t41uh8j2,ektnjkve9a,1
,aed6qu7jhp,2
,iorvjnj816,3
,2qla7p0srb,4
,40ulihclif,5
3tgv479e3a,ektnjkve9a,1
,j1on6ii4sf,2
,9idpm7tvaq,3
,iorvjnj816,4
,aed6qu7jhp,5
at0a57lfn6,aed6qu7jhp,1
,92vlf9qc8c,2
,38sjg08ntp,3
,03jvle8gs1,4
,f3m1k5kdvq,5
ef6dfvfsr1,ektnjkve9a,1
,9idpm7tvaq,2
,j1on6ii4sf,3
,u17od770nd,4
,03jvle8gs1,5
796rb3kbjn,03jvle8gs1,1
,ektnjkve9a,2
,9idpm7tvaq,3
,j1on6ii4sf,4
,m3oicha16v,5
b5lbbql6jv,ektnjkve9a,1
,iorvjnj816,2
,aed6qu7jhp,3
,2qla7p0srb,4
,u17od770nd,5
3qg9v2t7i3,m3oicha16v,1
,iorvjnj816,2
,jam4hd18v7,3
,ektnjkve9a,4
,40ulihclif,5
cr19asifcf,ektnjkve9a,1
,9idpm7tvaq,2
,iorvjnj816,3
,m3oicha16v,4
,j1on6ii4sf,5
7fleb09tmm,u17od770nd,1
,2qla7p0srb,2
,9idpm7tvaq,3
,iorvjnj816,4
,m3oicha16v,5
6pg7876drf,ektnjkve9a,1
,2qla7p0srb,2
,u17od770nd,3
,iorvjnj816,4
,9idpm7tvaq,5
1gks2iusms,ektnjkve9a,1
,92vlf9qc8c,2
,j1on6ii4sf,3
,bsu9c3jj9q,4
,03jvle8gs1,5
98q007t2hd,ektnjkve9a,1
,m3oicha16v,2
,iorvjnj816,3
,9idpm7tvaq,4
,38sjg08ntp,5
8vfsef1im0,m3oicha16v,1
,iorvjnj816,2
,bsu9c3jj9q,3
,38sjg08ntp,4
,92vlf9qc8c,5
0s8djsnbfn,ektnjkve9a,1
,2qla7p0srb,2
,38sjg08ntp,3
,u17od770nd,4
,j1on6ii4sf,5
9nlcmqgn5d,iorvjnj816,1
,ektnjkve9a,2
,92vlf9qc8c,3
,03jvle8gs1,4
,40ulihclif,5
9psimjg2f7,jam4hd18v7,1
,92vlf9qc8c,2
,ektnjkve9a,3
,9idpm7tvaq,4
,03jvle8gs1,5
6khhmvdumd,ektnjkve9a,1
,9idpm7tvaq,2
,03jvle8gs1,3
,m3oicha16v,4
,2qla7p0srb,5
18s8cp5em8,j1on6ii4sf,1
,9idpm7tvaq,2
,bsu9c3jj9q,3
,03jvle8gs1,4
,m3oicha16v,5
eau9nmndp9,ektnjkve9a,1
,iorvjnj816,2
,aed6qu7jhp,3
,2qla7p0srb,4
,u17od770nd,5
derraukqp9,bsu9c3jj9q,1
,aed6qu7jhp,2
,u17od770nd,3
,40ulihclif,4
,jam4hd18v7,5
8dfceh2s2j,38sjg08ntp,1
,iorvjnj816,2
,40ulihclif,3
,aed6qu7jhp,4
,j1on6ii4sf,5
4d3ac52us2,iorvjnj816,1
,ektnjkve9a,2
,jam4hd18v7,3
,9idpm7tvaq,4
,38sjg08ntp,5
32ota8ongp,ektnjkve9a,1
,u17od770nd,2
,03jvle8gs1,3
,38sjg08ntp,4
,9idpm7tvaq,5
4pvkraada5,f3m1k5kdvq,1
,9idpm7tvaq,2
,m3oicha16v,3
,ektnjkve9a,4
,j1on6ii4sf,5
8983t0dpok,9idpm7tvaq,1
,03jvle8gs1,2
,j1on6ii4sf,3
,u17od770nd,4
,2qla7p0srb,5
asu948p408,iorvjnj816,1
,u17od770nd,2
,40ulihclif,3
,92vlf9qc8c,4
,aed6qu7jhp,5
deshq9j7fv,iorvjnj816,1
,9idpm7tvaq,2
,2qla7p0srb,3
,40ulihclif,4
,38sjg08ntp,5
dcs8rcqchm,03jvle8gs1,1
,u17od770nd,2
,iorvjnj816,3
,38sjg08ntp,4
,9idpm7tvaq,5
1bft9er6sb,ektnjkve9a,1
,bsu9c3jj9q,2
,2qla7p0srb,3
,jam4hd18v7,4
,9idpm7tvaq,5
77gtasao3d,m3oicha16v,1
,ektnjkve9a,2
,40ulihclif,3
,9idpm7tvaq,4
,jam4hd18v7,5
9ntl3vtv42,ektnjkve9a,1
,bsu9c3jj9q,2
,iorvjnj816,3
,38sjg08ntp,4
,2qla7p0srb,5
4ld70ik3qh,j1on6ii4sf,1
,ektnjkve9a,2
,u17od770nd,3
,m3oicha16v,4
,iorvjnj816,5
eheh44gmi4,j1on6ii4sf,1
,iorvjnj816,2
,03jvle8gs1,3
,9idpm7tvaq,4
,u17od770nd,5
1dge7ia4ss,40ulihclif,1
,u17od770nd,2
,j1on6ii4sf,3
,03jvle8gs1,4
,bsu9c3jj9q,5
94ub2kqavg,ektnjkve9a,1
,f3m1k5kdvq,2
,m3oicha16v,3
,92vlf9qc8c,4
,40ulihclif,5
4nr83usr2n,iorvjnj816,1
,ektnjkve9a,2
,aed6qu7jhp,3
,2qla7p0srb,4
,40ulihclif,5
3l4rep9erm,ektnjkve9a,1
,aed6qu7jhp,2
,2qla7p0srb,3
,40ulihclif,4
,iorvjnj816,5
6jjt5ahecm,ektnjkve9a,1
,2qla7p0srb,2
,jam4hd18v7,3
,u17od770nd,4
,9idpm7tvaq,5
af780jmcqr,ektnjkve9a,1
,9idpm7tvaq,2
,2qla7p0srb,3
,m3oicha16v,4
,jam4hd18v7,5
4cvnq8d086,03jvle8gs1,1
,2qla7p0srb,2
,u17od770nd,3
,9idpm7tvaq,4
,j1on6ii4sf,5
39coprrsqu,jam4hd18v7,1
,2qla7p0srb,2
,u17od770nd,3
,iorvjnj816,4
,38sjg08ntp,5
d7d8kvgss6,ektnjkve9a,1
,u17od770nd,2
,j1on6ii4sf,3
,m3oicha16v,4
,2qla7p0srb,5
53oh9t7gl8,u17od770nd,1
,j1on6ii4sf,2
,03jvle8gs1,3
,9idpm7tvaq,4
,f3m1k5kdvq,5
82f7sgnh5g,iorvjnj816,1
,2qla7p0srb,2
,u17od770nd,3
,aed6qu7jhp,4
,92vlf9qc8c,5
00kf0446s8,u17od770nd,1
,j1on6ii4sf,2
,9idpm7tvaq,3
,ektnjkve9a,4
,bsu9c3jj9q,5
6t8sg4ec71,9idpm7tvaq,1
,03jvle8gs1,2
,u17od770nd,3
,j1on6ii4sf,4
,2qla7p0srb,5
drsfqe9lja,iorvjnj816,1
,aed6qu7jhp,2
,ektnjkve9a,3
,jam4hd18v7,4
,2qla7p0srb,5
0ml23v5rn3,jam4hd18v7,1
,ektnjkve9a,2
,38sjg08ntp,3
,2qla7p0srb,4
,m3oicha16v,5
6kus2pusmf,iorvjnj816,1
,ektnjkve9a,2
,38sjg08ntp,3
,u17od770nd,4
,40ulihclif,5
bvqs0jc227,38sjg08ntp,1
,ektnjkve9a,2
,iorvjnj816,3
,2qla7p0srb,4
,9idpm7tvaq,5
2u9ft2grs9,iorvjnj816,1
,aed6qu7jhp,2
,9idpm7tvaq,3
,bsu9c3jj9q,4
,ektnjkve9a,5
0s720k5mfc,2qla7p0srb,1
,ektnjkve9a,2
,40ulihclif,3
,u17od770nd,4
,03jvle8gs1,5
amenq2eqjt,jam4hd18v7,1
,38sjg08ntp,2
,2qla7p0srb,3
,aed6qu7jhp,4
,92vlf9qc8c,5
2dj374at9s,m3oicha16v,1
,38sjg08ntp,2
,f3m1k5kdvq,3
,ektnjkve9a,4
,2qla7p0srb,5
4afrn7htsp,j1on6ii4sf,1
,m3oicha16v,2
,f3m1k5kdvq,3
,u17od770nd,4
,bsu9c3jj9q,5
27b92gnuqq,f3m1k5kdvq,1
,m3oicha16v,2
,03jvle8gs1,3
,iorvjnj816,4
,ektnjkve9a,5
c0aagb4qh7,38sjg08ntp,1
,ektnjkve9a,2
,u17od770nd,3
,03jvle8gs1,4
,40ulihclif,5
6th0k7vako,m3oicha16v,1
,ektnjkve9a,2
,9idpm7tvaq,3
,jam4hd18v7,4
,40ulihclif,5
aosvo57b1a,u17od770nd,1
,03jvle8gs1,2
,ektnjkve9a,3
,iorvjnj816,4
,j1on6ii4sf,5
2o4qp8qoef,m3oicha16v,1
,u17od770nd,2
,ektnjkve9a,3
,2qla7p0srb,4
,40ulihclif,5
ehn7t5es3l,iorvjnj816,1
,9idpm7tvaq,2
,bsu9c3jj9q,3
,ektnjkve9a,4
,j1on6ii4sf,5
dbpojummf2,ektnjkve9a,1
,m3oicha16v,2
,9idpm7tvaq,3
,38sjg08ntp,4
,03jvle8gs1,5
3bkp4nld1p,jam4hd18v7,1
,iorvjnj816,2
,38sjg08ntp,3
,m3oicha16v,4
,ektnjkve9a,5
0ade17qov1,j1on6ii4sf,1
,u17od770nd,2
,m3oicha16v,3
,03jvle8gs1,4
,bsu9c3jj9q,5
f82j8fk6hv,9idpm7tvaq,1
,ektnjkve9a,2
,2qla7p0srb,3
,j1on6ii4sf,4
,jam4hd18v7,5
77gd4pd0b6,j1on6ii4sf,1
,u17od770nd,2
,ektnjkve9a,3
,03jvle8gs1,4
,9idpm7tvaq,5
575537i2e6,38sjg08ntp,1
,iorvjnj816,2
,2qla7p0srb,3
,u17od770nd,4
,jam4hd18v7,5
fsntm2dcgk,40ulihclif,1
,ektnjkve9a,2
,iorvjnj816,3
,f3m1k5kdvq,4
,aed6qu7jhp,5
bpmapnqeld,u17od770nd,1
,ektnjkve9a,2
,iorvjnj816,3
,j1on6ii4sf,4
,38sjg08ntp,5
5nfkjcktvd,03jvle8gs1,1
,ektnjkve9a,2
,iorvjnj816,3
,j1on6ii4sf,4
,38sjg08ntp,5
fgnp0a2knt,jam4hd18v7,1
,iorvjnj816,2
,j1on6ii4sf,3
,bsu9c3jj9q,4
,ektnjkve9a,5
8euanj45o1,ektnjkve9a,1
,m3oicha16v,2
,j1on6ii4sf,3
,03jvle8gs1,4
,38sjg08ntp,5
fdb5ucmud0,u17od770nd,1
,03jvle8gs1,2
,m3oicha16v,3
,j1on6ii4sf,4
,9idpm7tvaq,5
2auvr9u83c,38sjg08ntp,1
,m3oicha16v,2
,f3m1k5kdvq,3
,92vlf9qc8c,4
,iorvjnj816,5
f7mkgf3t1q,ektnjkve9a,1
,iorvjnj816,2
,bsu9c3jj9q,3
,aed6qu7jhp,4
,2qla7p0srb,5
55gtcjffi7,ektnjkve9a,1
,iorvjnj816,2
,9idpm7tvaq,3
,38sjg08ntp,4
,92vlf9qc8c,5
d4p94bajrd,m3oicha16v,1
,03jvle8gs1,2
,u17od770nd,3
,ektnjkve9a,4
,iorvjnj816,5
71mb03kd1q,j1on6ii4sf,1
,jam4hd18v7,2
,92vlf9qc8c,3
,9idpm7tvaq,4
,bsu9c3jj9q,5
6un6v03gpi,jam4hd18v7,1
,03jvle8gs1,2
,ektnjkve9a,3
,40ulihclif,4
,iorvjnj816,5
2s2kvusbid,ektnjkve9a,1
,9idpm7tvaq,2
,j1on6ii4sf,3
,iorvjnj816,4
,40ulihclif,5
dm3mfgsrhj,iorvjnj816,1
,aed6qu7jhp,2
,2qla7p0srb,3
,jam4hd18v7,4
,bsu9c3jj9q,5
0l88sj73ds,38sjg08ntp,1
,ektnjkve9a,2
,2qla7p0srb,3
,40ulihclif,4
,f3m1k5kdvq,5
2kbbuegrdl,aed6qu7jhp,1
,jam4hd18v7,2
,40ulihclif,3
,92vlf9qc8c,4
,ektnjkve9a,5
cfsf5hl4r9,03jvle8gs1,1
,92vlf9qc8c,2
,ektnjkve9a,3
,aed6qu7jhp,4
,u17od770nd,5
afnpj9q7ds,ektnjkve9a,1
,jam4hd18v7,2
,03jvle8gs1,3
,38sjg08ntp,4
,j1on6ii4sf,5
394kjrbla1,ektnjkve9a,1
,aed6qu7jhp,2
,jam4hd18v7,3
,m3oicha16v,4
,40ulihclif,5
792s19cm4k,f3m1k5kdvq,1
,m3oicha16v,2
,ektnjkve9a,3
,jam4hd18v7,4
,40ulihclif,5
67cb2l5mik,m3oicha16v,1
,03jvle8gs1,2
,j1on6ii4sf,3
,9idpm7tvaq,4
,u17od770nd,5
96a7kfnooh,ektnjkve9a,1
,9idpm7tvaq,2
,40ulihclif,3
,38sjg08ntp,4
,iorvjnj816,5
f52dohlu99,38sjg08ntp,1
,iorvjnj816,2
,92vlf9qc8c,3
,u17od770nd,4
,40ulihclif,5
c3muo7d7bh,bsu9c3jj9q,1
,38sjg08ntp,2
,iorvjnj816,3
,ektnjkve9a,4
,92vlf9qc8c,5
81t8c9sr7g,jam4hd18v7,1
,m3oicha16v,2
,9idpm7tvaq,3
,j1on6ii4sf,4
,38sjg08ntp,5
60m34pnla7,03jvle8gs1,1
,aed6qu7jhp,2
,iorvjnj816,3
,38sjg08ntp,4
,ektnjkve9a,5
2uet8va85m,38sjg08ntp,1
,ektnjkve9a,2
,j1on6ii4sf,3
,9idpm7tvaq,4
,iorvjnj816,5
eub9cv63p5,iorvjnj816,1
,j1on6ii4sf,2
,38sjg08ntp,3
,aed6qu7jhp,4
,2qla7p0srb,5
bsi8huod99,iorvjnj816,1
,ektnjkve9a,2
,u17od770nd,3
,m3oicha16v,4
,38sjg08ntp,5
6oajlk7bkt,38sjg08ntp,1
,aed6qu7jhp,2
,9idpm7tvaq,3
,ektnjkve9a,4
,iorvjnj816,5
emef7c0lub,ektnjkve9a,1
,9idpm7tvaq,2
,38sjg08ntp,3
,iorvjnj816,4
,2qla7p0srb,5
cl8gbr4bfh,jam4hd18v7,1
,aed6qu7jhp,2
,ektnjkve9a,3
,iorvjnj816,4
,9idpm7tvaq,5
ch0g3bq62o,ektnjkve9a,1
,aed6qu7jhp,2
,40ulihclif,3
,38sjg08ntp,4
,iorvjnj816,5
dfsghan13h,ektnjkve9a,1
,u17od770nd,2
,m3oicha16v,3
,9idpm7tvaq,4
,aed6qu7jhp,5
fcpibl6ogk,iorvjnj816,1
,jam4hd18v7,2
,92vlf9qc8c,3
,ektnjkve9a,4
,40ulihclif,5
440nv7ndfh,9idpm7tvaq,1
,ektnjkve9a,2
,jam4hd18v7,3
,j1on6ii4sf,4
,bsu9c3jj9q,5
230glfi4eh,40ulihclif,1
,aed6qu7jhp,2
,f3m1k5kdvq,3
,bsu9c3jj9q,4
,m3oicha16v,5
72u9vk2tfb,bsu9c3jj9q,1
,03jvle8gs1,2
,u17od770nd,3
,2qla7p0srb,4
,aed6qu7jhp,5
22c49bgivd,03jvle8gs1,1
,2qla7p0srb,2
,jam4hd18v7,3
,bsu9c3jj9q,4
,9idpm7tvaq,5
7292srs0i3,9idpm7tvaq,1
,u17od770nd,2
,2qla7p0srb,3
,bsu9c3jj9q,4
,m3oicha16v,5
61jcb39v9m,iorvjnj816,1
,ektnjkve9a,2
,u17od770nd,3
,bsu9c3jj9q,4
,92vlf9qc8c,5
319gciohhc,j1on6ii4sf,1
,2qla7p0srb,2
,ektnjkve9a,3
,jam4hd18v7,4
,38sjg08ntp,5
1ud6ial4p2,iorvjnj816,1
,ektnjkve9a,2
,aed6qu7jhp,3
,40ulihclif,4
,9idpm7tvaq,5
dtngj7v5ac,f3m1k5kdvq,1
,iorvjnj816,2
,u17od770nd,3
,m3oicha16v,4
,ektnjkve9a,5
4rkrgqaouq,jam4hd18v7,1
,40ulihclif,2
,iorvjnj816,3
,38sjg08ntp,4
,92vlf9qc8c,5
3r2iabrm0d,m3oicha16v,1
,iorvjnj816,2
,u17od770nd,3
,03jvle8gs1,4
,9idpm7tvaq,5
2qudrc5j9h,ektnjkve9a,1
,9idpm7tvaq,2
,j1on6ii4sf,3
,iorvjnj816,4
,u17od770nd,5
5qr3smv12b,9idpm7tvaq,1
,jam4hd18v7,2
,ektnjkve9a,3
,u17od770nd,4
,92vlf9qc8c,5
fqqqs4fjah,03jvle8gs1,1
,ektnjkve9a,2
,m3oicha16v,3
,jam4hd18v7,4
,aed6qu7jhp,5
dqcla28dvs,bsu9c3jj9q,1
,iorvjnj816,2
,u17od770nd,3
,2qla7p0srb,4
,40ulihclif,5
6q41jite2j,2qla7p0srb,1
,38sjg08ntp,2
,jam4hd18v7,3
,9idpm7tvaq,4
,iorvjnj816,5
epmdcrav2i,ektnjkve9a,1
,m3oicha16v,2
,iorvjnj816,3
,j1on6ii4sf,4
,9idpm7tvaq,5
3p88e8tp8n,bsu9c3jj9q,1
,2qla7p0srb,2
,9idpm7tvaq,3
,m3oicha16v,4
,ektnjkve9a,5
2oisfts86l,jam4hd18v7,1
,40ulihclif,2
,38sjg08ntp,3
,92vlf9qc8c,4
,9idpm7tvaq,5
8od7b99mk0,ektnjkve9a,1
,aed6qu7jhp,2
,f3m1k5kdvq,3
,2qla7p0srb,4
,9idpm7tvaq,5
2nke4da01a,ektnjkve9a,1
,iorvjnj816,2
,m3oicha16v,3
,u17od770nd,4
,aed6qu7jhp,5
7nhqd4m9ij,iorvjnj816,1
,m3oicha16v,2
,j1on6ii4sf,3
,ektnjkve9a,4
,38sjg08ntp,5
0n9uk69bdp,ektnjkve9a,1
,9idpm7tvaq,2
,38sjg08ntp,3
,m3oicha16v,4
,iorvjnj816,5
1moov1q9o8,u17od770nd,1
,f3m1k5kdvq,2
,ektnjkve9a,3
,38sjg08ntp,4
,2qla7p0srb,5
0mjq7rlt51,ektnjkve9a,1
,iorvjnj816,2
,40ulihclif,3
,9idpm7tvaq,4
,bsu9c3jj9q,5
6memfp8k79,ektnjkve9a,1
,aed6qu7jhp,2
,38sjg08ntp,3
,40ulihclif,4
,03jvle8gs1,5
3ll6b0cjrq,2qla7p0srb,1
,38sjg08ntp,2
,m3oicha16v,3
,03jvle8gs1,4
,ektnjkve9a,5
bl58qas7bd,iorvjnj816,1
,u17od770nd,2
,9idpm7tvaq,3
,jam4hd18v7,4
,40ulihclif,5
2kvpplmc0p,u17od770nd,1
,m3oicha16v,2
,03jvle8gs1,3
,ektnjkve9a,4
,9idpm7tvaq,5
ckmifdk9tb,aed6qu7jhp,1
,40ulihclif,2
,ektnjkve9a,3
,2qla7p0srb,4
,iorvjnj816,5
1kl9c5jqge,u17od770nd,1
,j1on6ii4sf,2
,aed6qu7jhp,3
,ektnjkve9a,4
,2qla7p0srb,5
0kgjfpnnjp,j1on6ii4sf,1
,u17od770nd,2
,40ulihclif,3
,03jvle8gs1,4
,m3oicha16v,5
akcuqd960e,j1on6ii4sf,1
,03jvle8gs1,2
,u17od770nd,3
,9idpm7tvaq,4
,92vlf9qc8c,5
4k6q51uikt,ektnjkve9a,1
,j1on6ii4sf,2
,03jvle8gs1,3
,m3oicha16v,4
,iorvjnj816,5
bk5clialdm,jam4hd18v7,1
,03jvle8gs1,2
,iorvjnj816,3
,j1on6ii4sf,4
,aed6qu7jhp,5
6k30drs2dq,j1on6ii4sf,1
,m3oicha16v,2
,9idpm7tvaq,3
,u17od770nd,4
,bsu9c3jj9q,5
djk5qc8noe,iorvjnj816,1
,ektnjkve9a,2
,2qla7p0srb,3
,38sjg08ntp,4
,03jvle8gs1,5
0j682laqs4,iorvjnj816,1
,j1on6ii4sf,2
,40ulihclif,3
,ektnjkve9a,4
,jam4hd18v7,5
1j4cpfnfh5,03jvle8gs1,1
,9idpm7tvaq,2
,ektnjkve9a,3
,u17od770nd,4
,iorvjnj816,5
binslk8rt7,j1on6ii4sf,1
,9idpm7tvaq,2
,jam4hd18v7,3
,40ulihclif,4
,aed6qu7jhp,5
1ihd8ogmn1,ektnjkve9a,1
,2qla7p0srb,2
,bsu9c3jj9q,3
,u17od770nd,4
,f3m1k5kdvq,5
2i6meq7aus,f3m1k5kdvq,1
,iorvjnj816,2
,m3oicha16v,3
,aed6qu7jhp,4
,40ulihclif,5
ci2kc2145o,u17od770nd,1
,9idpm7tvaq,2
,jam4hd18v7,3
,bsu9c3jj9q,4
,2qla7p0srb,5
3huj4h7427,aed6qu7jhp,1
,40ulihclif,2
,2qla7p0srb,3
,92vlf9qc8c,4
,u17od770nd,5
3hsrb3ttoe,iorvjnj816,1
,j1on6ii4sf,2
,u17od770nd,3
,ektnjkve9a,4
,jam4hd18v7,5
7hr2mn4n7t,2qla7p0srb,1
,38sjg08ntp,2
,u17od770nd,3
,03jvle8gs1,4
,92vlf9qc8c,5
dhm5d06cve,ektnjkve9a,1
,jam4hd18v7,2
,iorvjnj816,3
,aed6qu7jhp,4
,2qla7p0srb,5
5hfbs0n0tb,iorvjnj816,1
,bsu9c3jj9q,2
,ektnjkve9a,3
,03jvle8gs1,4
,m3oicha16v,5
9h8hjopaqa,bsu9c3jj9q,1
,iorvjnj816,2
,u17od770nd,3
,40ulihclif,4
,38sjg08ntp,5
3h6b76udmd,ektnjkve9a,1
,iorvjnj816,2
,2qla7p0srb,3
,jam4hd18v7,4
,40ulihclif,5
ah5hbkc1fr,ektnjkve9a,1
,jam4hd18v7,2
,iorvjnj816,3
,03jvle8gs1,4
,u17od770nd,5
0gvctk5qhc,ektnjkve9a,1
,iorvjnj816,2
,aed6qu7jhp,3
,2qla7p0srb,4
,u17od770nd,5
1ggoao28ct,ektnjkve9a,1
,40ulihclif,2
,jam4hd18v7,3
,9idpm7tvaq,4
,iorvjnj816,5
age8sdau47,40ulihclif,1
,aed6qu7jhp,2
,j1on6ii4sf,3
,iorvjnj816,4
,ektnjkve9a,5
agdc5cd3s3,iorvjnj816,1
,m3oicha16v,2
,38sjg08ntp,3
,j1on6ii4sf,4
,9idpm7tvaq,5
bg5hhbiegl,aed6qu7jhp,1
,iorvjnj816,2
,40ulihclif,3
,jam4hd18v7,4
,ektnjkve9a,5
3g57rr14um,aed6qu7jhp,1
,m3oicha16v,2
,92vlf9qc8c,3
,iorvjnj816,4
,bsu9c3jj9q,5
9g4d88fhff,ektnjkve9a,1
,aed6qu7jhp,2
,40ulihclif,3
,jam4hd18v7,4
,bsu9c3jj9q,5
6fqnck2hv3,2qla7p0srb,1
,bsu9c3jj9q,2
,u17od770nd,3
,aed6qu7jhp,4
,ektnjkve9a,5
dfnr7eevql,iorvjnj816,1
,aed6qu7jhp,2
,40ulihclif,3
,92vlf9qc8c,4
,jam4hd18v7,5
0fi60rr1nn,ektnjkve9a,1
,aed6qu7jhp,2
,iorvjnj816,3
,f3m1k5kdvq,4
,03jvle8gs1,5
4ffvndlgv1,ektnjkve9a,1
,iorvjnj816,2
,9idpm7tvaq,3
,j1on6ii4sf,4
,m3oicha16v,5
8fb60d76nl,iorvjnj816,1
,jam4hd18v7,2
,92vlf9qc8c,3
,38sjg08ntp,4
,aed6qu7jhp,5
9f0sdndl52,iorvjnj816,1
,9idpm7tvaq,2
,38sjg08ntp,3
,ektnjkve9a,4
,jam4hd18v7,5
detrhi9cap,aed6qu7jhp,1
,2qla7p0srb,2
,jam4hd18v7,3
,38sjg08ntp,4
,iorvjnj816,5
beqemh2b21,m3oicha16v,1
,iorvjnj816,2
,ektnjkve9a,3
,2qla7p0srb,4
,aed6qu7jhp,5
deiodjjajd,iorvjnj816,1
,jam4hd18v7,2
,2qla7p0srb,3
,38sjg08ntp,4
,9idpm7tvaq,5
be59vmr4pb,bsu9c3jj9q,1
,2qla7p0srb,2
,ektnjkve9a,3
,u17od770nd,4
,aed6qu7jhp,5
9e0maecqo9,9idpm7tvaq,1
,ektnjkve9a,2
,j1on6ii4sf,3
,m3oicha16v,4
,u17od770nd,5
bdpk564sfi,iorvjnj816,1
,ektnjkve9a,2
,u17od770nd,3
,jam4hd18v7,4
,aed6qu7jhp,5
cdp3hrtbe1,ektnjkve9a,1
,40ulihclif,2
,f3m1k5kdvq,3
,aed6qu7jhp,4
,9idpm7tvaq,5
8dmlraf3f4,m3oicha16v,1
,bsu9c3jj9q,2
,ektnjkve9a,3
,9idpm7tvaq,4
,jam4hd18v7,5
9dfn7uhpgl,92vlf9qc8c,1
,ektnjkve9a,2
,u17od770nd,3
,iorvjnj816,4
,38sjg08ntp,5
3d8mt7ura8,9idpm7tvaq,1
,iorvjnj816,2
,u17od770nd,3
,38sjg08ntp,4
,92vlf9qc8c,5
6d5paqbarr,u17od770nd,1
,iorvjnj816,2
,bsu9c3jj9q,3
,9idpm7tvaq,4
,03jvle8gs1,5
ed20rcmmn3,ektnjkve9a,1
,aed6qu7jhp,2
,m3oicha16v,3
,9idpm7tvaq,4
,iorvjnj816,5
ecq3ncbta9,2qla7p0srb,1
,jam4hd18v7,2
,38sjg08ntp,3
,bsu9c3jj9q,4
,92vlf9qc8c,5
ecpbg79u0u,03jvle8gs1,1
,iorvjnj816,2
,u17od770nd,3
,2qla7p0srb,4
,m3oicha16v,5
6cofneu46d,2qla7p0srb,1
,ektnjkve9a,2
,9idpm7tvaq,3
,38sjg08ntp,4
,m3oicha16v,5
3cjpatgjun,u17od770nd,1
,m3oicha16v,2
,ektnjkve9a,3
,iorvjnj816,4
,2qla7p0srb,5
6caq7qr8a8,ektnjkve9a,1
,40ulihclif,2
,jam4hd18v7,3
,92vlf9qc8c,4
,iorvjnj816,5
8ap275bq1t,2qla7p0srb,1
,ektnjkve9a,2
,jam4hd18v7,3
,m3oicha16v,4
,iorvjnj816,5
9aj23bqr3k,f3m1k5kdvq,1
,m3oicha16v,2
,ektnjkve9a,3
,j1on6ii4sf,4
,iorvjnj816,5
7a8naoa61u,f3m1k5kdvq,1
,m3oicha16v,2
,03jvle8gs1,3
,j1on6ii4sf,4
,aed6qu7jhp,5
79meka7n37,03jvle8gs1,1
,bsu9c3jj9q,2
,iorvjnj816,3
,38sjg08ntp,4
,u17od770nd,5
a8mrvtnbav,iorvjnj816,1
,9idpm7tvaq,2
,38sjg08ntp,3
,2qla7p0srb,4
,u17od770nd,5
c8hnfq8ko7,f3m1k5kdvq,1
,m3oicha16v,2
,ektnjkve9a,3
,u17od770nd,4
,j1on6ii4sf,5
15982hci5h,bsu9c3jj9q,1
,j1on6ii4sf,2
,03jvle8gs1,3
,ektnjkve9a,4
,9idpm7tvaq,5
246kn2kitg,ektnjkve9a,1
,9idpm7tvaq,2
,j1on6ii4sf,3
,03jvle8gs1,4
,m3oicha16v,5
fcufilgsct,m3oicha16v,1
,u17od770nd,2
,j1on6ii4sf,3
,ektnjkve9a,4
,03jvle8gs1,5
457ttiripd,ektnjkve9a,1
,9idpm7tvaq,2
,iorvjnj816,3
,40ulihclif,4
,38sjg08ntp,5
2voelergud,03jvle8gs1,1
,u17od770nd,2
,j1on6ii4sf,3
,m3oicha16v,4
,iorvjnj816,5
fuhdu2mp25,ektnjkve9a,1
,j1on6ii4sf,2
,2qla7p0srb,3
,m3oicha16v,4
,38sjg08ntp,5
1c3o05vnv6,ektnjkve9a,1
,9idpm7tvaq,2
,iorvjnj816,3
,bsu9c3jj9q,4
,j1on6ii4sf,5
1883rlapai,ektnjkve9a,1
,9idpm7tvaq,2
,2qla7p0srb,3
,40ulihclif,4
,m3oicha16v,5
aus9t6rkc9,bsu9c3jj9q,1
,iorvjnj816,2
,aed6qu7jhp,3
,2qla7p0srb,4
,40ulihclif,5
ec8rrh1ntq,bsu9c3jj9q,1
,aed6qu7jhp,2
,38sjg08ntp,3
,ektnjkve9a,4
,92vlf9qc8c,5
0321io5ns5,j1on6ii4sf,1
,ektnjkve9a,2
,03jvle8gs1,3
,m3oicha16v,4
,f3m1k5kdvq,5
civ7dkjfk5,ektnjkve9a,1
,9idpm7tvaq,2
,2qla7p0srb,3
,38sjg08ntp,4
,m3oicha16v,5
95dqhn8b1l,j1on6ii4sf,1
,iorvjnj816,2
,ektnjkve9a,3
,2qla7p0srb,4
,38sjg08ntp,5
72ugdf7lbf,ektnjkve9a,1
,9idpm7tvaq,2
,iorvjnj816,3
,m3oicha16v,4
,j1on6ii4sf,5
bvosk7gbmb,ektnjkve9a,1
,9idpm7tvaq,2
,iorvjnj816,3
,92vlf9qc8c,4
,aed6qu7jhp,5
5shbcpccig,ektnjkve9a,1
,9idpm7tvaq,2
,38sjg08ntp,3
,2qla7p0srb,4
,bsu9c3jj9q,5
4puq6helcl,ektnjkve9a,1
,9idpm7tvaq,2
,iorvjnj816,3
,2qla7p0srb,4
,40ulihclif,5
dpbsd4o42c,ektnjkve9a,1
,9idpm7tvaq,2
,u17od770nd,3
,2qla7p0srb,4
,iorvjnj816,5
bo2hseq84o,ektnjkve9a,1
,9idpm7tvaq,2
,03jvle8gs1,3
,j1on6ii4sf,4
,aed6qu7jhp,5
5n2k0i574c,ektnjkve9a,1
,9idpm7tvaq,2
,f3m1k5kdvq,3
,40ulihclif,4
,03jvle8gs1,5
1tv5u9nciq,03jvle8gs1,1
,u17od770nd,2
,j1on6ii4sf,3
,ektnjkve9a,4
,9idpm7tvaq,5
1spfp8r94a,bsu9c3jj9q,1
,ektnjkve9a,2
,aed6qu7jhp,3
,40ulihclif,4
,jam4hd18v7,5
drj7an3rb5,u17od770nd,1
,j1on6ii4sf,2
,03jvle8gs1,3
,m3oicha16v,4
,9idpm7tvaq,5
8q8hoo67mv,u17od770nd,1
,40ulihclif,2
,38sjg08ntp,3
,m3oicha16v,4
,iorvjnj816,5
9q67d7bpg8,j1on6ii4sf,1
,u17od770nd,2
,ektnjkve9a,3
,9idpm7tvaq,4
,03jvle8gs1,5
ekfb7c8bo2,u17od770nd,1
,03jvle8gs1,2
,j1on6ii4sf,3
,m3oicha16v,4
,iorvjnj816,5
66gq6n5stc,u17od770nd,1
,m3oicha16v,2
,bsu9c3jj9q,3
,jam4hd18v7,4
,40ulihclif,5
8c4467bhk2,bsu9c3jj9q,1
,aed6qu7jhp,2
,40ulihclif,3
,jam4hd18v7,4
,ektnjkve9a,5
6r5frkqnie,m3oicha16v,1
,9idpm7tvaq,2
,2qla7p0srb,3
,38sjg08ntp,4
,ektnjkve9a,5
3eagofte20,m3oicha16v,1
,9idpm7tvaq,2
,iorvjnj816,3
,f3m1k5kdvq,4
,40ulihclif,5
e86b4f2335,m3oicha16v,1
,j1on6ii4sf,2
,03jvle8gs1,3
,u17od770nd,4
,iorvjnj816,5
d6derh6j6r,j1on6ii4sf,1
,m3oicha16v,2
,jam4hd18v7,3
,ektnjkve9a,4
,iorvjnj816,5
fv9a8ob9pq,ektnjkve9a,1
,9idpm7tvaq,2
,iorvjnj816,3
,u17od770nd,4
,03jvle8gs1,5
75tjs773mc,u17od770nd,1
,iorvjnj816,2
,m3oicha16v,3
,2qla7p0srb,4
,9idpm7tvaq,5
b5bpd2bs66,m3oicha16v,1
,iorvjnj816,2
,u17od770nd,3
,9idpm7tvaq,4
,j1on6ii4sf,5
2jm3e7too3,u17od770nd,1
,m3oicha16v,2
,ektnjkve9a,3
,9idpm7tvaq,4
,f3m1k5kdvq,5
cj4brj5m6p,ektnjkve9a,1
,9idpm7tvaq,2
,aed6qu7jhp,3
,u17od770nd,4
,40ulihclif,5
ffnung1lne,j1on6ii4sf,1
,03jvle8gs1,2
,m3oicha16v,3
,ektnjkve9a,4
,iorvjnj816,5
09suq0c61e,j1on6ii4sf,1
,m3oicha16v,2
,jam4hd18v7,3
,2qla7p0srb,4
,38sjg08ntp,5
2dbraf1eb7,u17od770nd,1
,j1on6ii4sf,2
,iorvjnj816,3
,aed6qu7jhp,4
,2qla7p0srb,5
3r0e6hr6gq,j1on6ii4sf,1
,u17od770nd,2
,9idpm7tvaq,3
,03jvle8gs1,4
,iorvjnj816,5
1ibjij3dbe,jam4hd18v7,1
,m3oicha16v,2
,u17od770nd,3
,2qla7p0srb,4
,92vlf9qc8c,5
dtt14kdh5t,j1on6ii4sf,1
,ektnjkve9a,2
,m3oicha16v,3
,u17od770nd,4
,iorvjnj816,5
1rrimnaue3,u17od770nd,1
,j1on6ii4sf,2
,9idpm7tvaq,3
,03jvle8gs1,4
,ektnjkve9a,5
8qfbfk20hj,ektnjkve9a,1
,j1on6ii4sf,2
,u17od770nd,3
,03jvle8gs1,4
,9idpm7tvaq,5
2j9vugpi3j,u17od770nd,1
,03jvle8gs1,2
,iorvjnj816,3
,j1on6ii4sf,4
,38sjg08ntp,5
05q1ovogsi,03jvle8gs1,1
,9idpm7tvaq,2
,iorvjnj816,3
,j1on6ii4sf,4
,92vlf9qc8c,5
d4lshuimrg,j1on6ii4sf,1
,iorvjnj816,2
,m3oicha16v,3
,2qla7p0srb,4
,ektnjkve9a,5
c2fe7si17l,ektnjkve9a,1
,9idpm7tvaq,2
,03jvle8gs1,3
,92vlf9qc8c,4
,38sjg08ntp,5
4tq5dhe96t,j1on6ii4sf,1
,03jvle8gs1,2
,ektnjkve9a,3
,aed6qu7jhp,4
,9idpm7tvaq,5
ckknmv1ice,iorvjnj816,1
,j1on6ii4sf,2
,jam4hd18v7,3
,u17od770nd,4
,ektnjkve9a,5
afohsiov51,iorvjnj816,1
,j1on6ii4sf,2
,38sjg08ntp,3
,40ulihclif,4
,bsu9c3jj9q,5
9d9u7elji8,38sjg08ntp,1
,jam4hd18v7,2
,40ulihclif,3
,iorvjnj816,4
,92vlf9qc8c,5
e97gusqcf4,u17od770nd,1
,iorvjnj816,2
,m3oicha16v,3
,ektnjkve9a,4
,jam4hd18v7,5
4h9vp11dek,ektnjkve9a,1
,iorvjnj816,2
,40ulihclif,3
,jam4hd18v7,4
,j1on6ii4sf,5
b69kavgt0t,m3oicha16v,1
,f3m1k5kdvq,2
,2qla7p0srb,3
,j1on6ii4sf,4
,u17od770nd,5
a2e3elbmhq,ektnjkve9a,1
,40ulihclif,2
,jam4hd18v7,3
,38sjg08ntp,4
,03jvle8gs1,5
1ucpb1hq7m,9idpm7tvaq,1
,j1on6ii4sf,2
,ektnjkve9a,3
,m3oicha16v,4
,iorvjnj816,5
ec3o09ufe9,j1on6ii4sf,1
,u17od770nd,2
,38sjg08ntp,3
,m3oicha16v,4
,iorvjnj816,5
86752gestc,u17od770nd,1
,f3m1k5kdvq,2
,9idpm7tvaq,3
,m3oicha16v,4
,bsu9c3jj9q,5
542ndagpr5,j1on6ii4sf,1
,u17od770nd,2
,iorvjnj816,3
,ektnjkve9a,4
,aed6qu7jhp,5
9288v8pnc4,2qla7p0srb,1
,ektnjkve9a,2
,jam4hd18v7,3
,38sjg08ntp,4
,40ulihclif,5
dqfmsbv5k8,u17od770nd,1
,f3m1k5kdvq,2
,m3oicha16v,3
,bsu9c3jj9q,4
,ektnjkve9a,5
4mas1rbub5,iorvjnj816,1
,j1on6ii4sf,2
,u17od770nd,3
,m3oicha16v,4
,92vlf9qc8c,5
0f41mf79c2,j1on6ii4sf,1
,m3oicha16v,2
,u17od770nd,3
,2qla7p0srb,4
,9idpm7tvaq,5
4akvbkfbp9,u17od770nd,1
,j1on6ii4sf,2
,03jvle8gs1,3
,m3oicha16v,4
,ektnjkve9a,5
7ajppqopem,j1on6ii4sf,1
,u17od770nd,2
,bsu9c3jj9q,3
,03jvle8gs1,4
,ektnjkve9a,5
86hdvl6bo8,m3oicha16v,1
,u17od770nd,2
,iorvjnj816,3
,ektnjkve9a,4
,2qla7p0srb,5
818ahkrn26,iorvjnj816,1
,u17od770nd,2
,40ulihclif,3
,m3oicha16v,4
,03jvle8gs1,5
2sj79805hg,j1on6ii4sf,1
,u17od770nd,2
,ektnjkve9a,3
,03jvle8gs1,4
,2qla7p0srb,5
3rf4c1djo5,m3oicha16v,1
,j1on6ii4sf,2
,iorvjnj816,3
,ektnjkve9a,4
,9idpm7tvaq,5
0og2b9hig4,j1on6ii4sf,1
,u17od770nd,2
,03jvle8gs1,3
,ektnjkve9a,4
,9idpm7tvaq,5
bmt3te2fmt,03jvle8gs1,1
,38sjg08ntp,2
,iorvjnj816,3
,j1on6ii4sf,4
,u17od770nd,5
5ijmv1sl87,j1on6ii4sf,1
,03jvle8gs1,2
,u17od770nd,3
,m3oicha16v,4
,ektnjkve9a,5
cgaml496kg,j1on6ii4sf,1
,u17od770nd,2
,m3oicha16v,3
,iorvjnj816,4
,03jvle8gs1,5
4f7vnoqp55,ektnjkve9a,1
,u17od770nd,2
,j1on6ii4sf,3
,f3m1k5kdvq,4
,03jvle8gs1,5
3eaoghmljq,ektnjkve9a,1
,u17od770nd,2
,j1on6ii4sf,3
,m3oicha16v,4
,iorvjnj816,5
75kb7l8d0n,2qla7p0srb,1
,j1on6ii4sf,2
,f3m1k5kdvq,3
,40ulihclif,4
,jam4hd18v7,5
6u6kp0phlc,9idpm7tvaq,1
,j1on6ii4sf,2
,m3oicha16v,3
,aed6qu7jhp,4
,bsu9c3jj9q,5
4mt0er5upd,ektnjkve9a,1
,aed6qu7jhp,2
,03jvle8gs1,3
,2qla7p0srb,4
,9idpm7tvaq,5
fmj9rof4tt,j1on6ii4sf,1
,ektnjkve9a,2
,2qla7p0srb,3
,9idpm7tvaq,4
,f3m1k5kdvq,5
bkeps2mieu,u17od770nd,1
,j1on6ii4sf,2
,m3oicha16v,3
,9idpm7tvaq,4
,f3m1k5kdvq,5
ajld7650h8,ektnjkve9a,1
,u17od770nd,2
,j1on6ii4sf,3
,m3oicha16v,4
,03jvle8gs1,5
bj5g5r5evb,u17od770nd,1
,9idpm7tvaq,2
,03jvle8gs1,3
,j1on6ii4sf,4
,m3oicha16v,5
fh2khdfiqn,40ulihclif,1
,ektnjkve9a,2
,2qla7p0srb,3
,jam4hd18v7,4
,j1on6ii4sf,5
ccnuk65srt,ektnjkve9a,1
,9idpm7tvaq,2
,iorvjnj816,3
,38sjg08ntp,4
,03jvle8gs1,5
fbatqnhcs5,iorvjnj816,1
,bsu9c3jj9q,2
,jam4hd18v7,3
,j1on6ii4sf,4
,f3m1k5kdvq,5
1b3tn3rmao,9idpm7tvaq,1
,j1on6ii4sf,2
,iorvjnj816,3
,u17od770nd,4
,m3oicha16v,5
0nsc31slbd,jam4hd18v7,1
,bsu9c3jj9q,2
,40ulihclif,3
,j1on6ii4sf,4
,9idpm7tvaq,5
5f0p2l1bfc,j1on6ii4sf,1
,u17od770nd,2
,03jvle8gs1,3
,m3oicha16v,4
,bsu9c3jj9q,5
0cd2gnct6n,9idpm7tvaq,1
,iorvjnj816,2
,m3oicha16v,3
,j1on6ii4sf,4
,u17od770nd,5
1oebbmok4m,u17od770nd,1
,j1on6ii4sf,2
,m3oicha16v,3
,03jvle8gs1,4
,ektnjkve9a,5
1n2c6eg78r,u17od770nd,1
,03jvle8gs1,2
,m3oicha16v,3
,j1on6ii4sf,4
,iorvjnj816,5
0j6u9fsob3,u17od770nd,1
,j1on6ii4sf,2
,03jvle8gs1,3
,9idpm7tvaq,4
,iorvjnj816,5
07ku7g9c82,j1on6ii4sf,1
,u17od770nd,2
,03jvle8gs1,3
,m3oicha16v,4
,9idpm7tvaq,5
e0v78vokd1,03jvle8gs1,1
,u17od770nd,2
,j1on6ii4sf,3
,m3oicha16v,4
,iorvjnj816,5
702euav5fu,j1on6ii4sf,1
,u17od770nd,2
,aed6qu7jhp,3
,2qla7p0srb,4
,40ulihclif,5
8pr7rfn281,j1on6ii4sf,1
,u17od770nd,2
,m3oicha16v,3
,iorvjnj816,4
,03jvle8gs1,5
e4ptr36png,03jvle8gs1,1
,m3oicha16v,2
,j1on6ii4sf,3
,u17od770nd,4
,iorvjnj816,5
66tt5ocbqv,03jvle8gs1,1
,9idpm7tvaq,2
,ektnjkve9a,3
,u17od770nd,4
,92vlf9qc8c,5
13vch5mspo,m3oicha16v,1
,u17od770nd,2
,j1on6ii4sf,3
,ektnjkve9a,4
,03jvle8gs1,5
